variable,count,mean,std,min,25%,50%,75%,max
lcavol,97,1.35000958048,1.17862487799,-1.347073648,0.512823626,1.446918983,2.12704052,3.821003607
lweight,97,3.62894265979,0.42841123071,2.374906,3.37588,3.623007,3.876396,4.780383
age,97,63.8659793814,7.44511706028,41,60,65,68,79
lbph,97,0.100355606186,1.45080662543,-1.38629436,-1.38629436,0.30010459,1.55814462,2.32630162
svi,97,0.216494845361,0.413994870231,0,0,0,0,1
lcp,97,-0.17936557732,1.39824962077,-1.38629436,-1.38629436,-0.7985077,1.178655,2.90416508
gleason,97,6.75257731959,0.722134103356,6,6,7,7,9
pgg45,97,24.381443299,28.2040346179,0,0,15,40,100
lpsa,97,2.47838687835,1.154329075,-0.4307829,1.7316555,2.5915164,3.0563569,5.5829322
