model,repeat,fold,n_test,r2,rmse,mae
Linear Regression,1,1,20,0.75751751302,0.589060089614,0.427847001563
Linear Regression,1,2,20,0.535077284614,0.72311557449,0.516764231881
Linear Regression,1,3,19,0.413027851095,0.776236175009,0.581206510204
Linear Regression,1,4,19,-0.0903541277474,0.941900440273,0.626112597486
Linear Regression,1,5,19,0.604890765429,0.786669459505,0.710504825098
Linear Regression,2,1,20,0.551121962427,0.666029180041,0.535322797689
Linear Regression,2,2,20,0.732714579901,0.506628314526,0.357671196074
Linear Regression,2,3,19,0.395771586509,0.816649729816,0.608280315077
Linear Regression,2,4,19,0.717757030944,0.714642450463,0.54135021993
Linear Regression,2,5,19,0.386284779799,0.907046959476,0.760290454324
Linear Regression,3,1,20,0.183906191759,0.738041039918,0.554190550715
Linear Regression,3,2,20,0.645290105055,0.801639686641,0.64472573245
Linear Regression,3,3,19,0.400779579249,0.763694062558,0.561599509175
Linear Regression,3,4,19,0.793455789182,0.591475242077,0.442137369689
Linear Regression,3,5,19,0.610022801407,0.724789658398,0.577182455171
Linear Regression,4,1,20,0.296947821974,0.904918350489,0.697724349327
Linear Regression,4,2,20,0.658191277164,0.730438274935,0.606210632488
Linear Regression,4,3,19,0.58818047296,0.604927892129,0.46944648555
Linear Regression,4,4,19,0.51693983249,0.810913842525,0.590660736166
Linear Regression,4,5,19,0.599425036459,0.742484944088,0.571277835193
Linear Regression,5,1,20,0.490844029451,0.755031934272,0.645410569612
Linear Regression,5,2,20,0.746792929752,0.504103825922,0.39448354647
Linear Regression,5,3,19,0.592420017354,0.847540682698,0.638368446553
Linear Regression,5,4,19,0.559489652283,0.715035611473,0.553377182785
Linear Regression,5,5,19,0.599424413979,0.680808757526,0.509387173907
Linear Regression,6,1,20,0.609463887536,0.778240553095,0.563737791157
Linear Regression,6,2,20,0.460715850968,0.805061131875,0.623762609276
Linear Regression,6,3,19,0.622248139355,0.671322230892,0.529540186126
Linear Regression,6,4,19,0.611144187806,0.640916184387,0.48458203324
Linear Regression,6,5,19,0.662461773676,0.706280098099,0.576013148931
Linear Regression,7,1,20,0.417465385449,0.805863149496,0.633663573237
Linear Regression,7,2,20,0.606909964361,0.667238408577,0.492373743158
Linear Regression,7,3,19,0.893425924153,0.375405799932,0.273741806861
Linear Regression,7,4,19,0.496156673863,0.742076105269,0.598748974843
Linear Regression,7,5,19,0.519251191582,0.860240149596,0.722309850856
Linear Regression,8,1,20,0.636677932955,0.946187484331,0.734905273197
Linear Regression,8,2,20,0.436338923038,0.835362798597,0.621586462856
Linear Regression,8,3,19,0.680397139348,0.585258112869,0.438797439755
Linear Regression,8,4,19,0.148221018333,0.78872370968,0.549469498014
Linear Regression,8,5,19,0.547195861295,0.630618686837,0.516460755408
Linear Regression,9,1,20,0.5493396306,0.819629900571,0.646938387104
Linear Regression,9,2,20,0.328392227716,0.806637674795,0.60195408082
Linear Regression,9,3,19,0.756256643683,0.536598310083,0.412705668866
Linear Regression,9,4,19,0.754686826622,0.64325863053,0.47297013319
Linear Regression,9,5,19,0.1850287662,0.924942050935,0.756530495854
Linear Regression,10,1,20,0.544519222798,0.624729239363,0.439173989558
Linear Regression,10,2,20,0.601885143192,0.592177951611,0.479186598446
Linear Regression,10,3,19,0.489499709113,0.774277299089,0.574582638031
Linear Regression,10,4,19,0.254087103561,0.839214955425,0.655299728415
Linear Regression,10,5,19,0.649896554807,0.921746869831,0.760960868697
Decision Tree,1,1,20,0.424848269677,0.907215842602,0.781494986025
Decision Tree,1,2,20,0.333619832244,0.865721821237,0.749943544114
Decision Tree,1,3,19,0.123332183191,0.948642685871,0.763912027898
Decision Tree,1,4,19,-0.219254226438,0.996020664255,0.81484147801
Decision Tree,1,5,19,0.363422266179,0.998526101653,0.818672974486
Decision Tree,2,1,20,0.322222950766,0.818412978273,0.686158735922
Decision Tree,2,2,20,0.194744273976,0.879364105194,0.776745450708
Decision Tree,2,3,19,-0.0994798203881,1.10161256844,0.81800799749
Decision Tree,2,4,19,0.237556795879,1.17457564928,0.977508541827
Decision Tree,2,5,19,0.172871383548,1.05301085497,0.835176240235
Decision Tree,3,1,20,0.305233156233,0.680973188315,0.568207018991
Decision Tree,3,2,20,0.5820273708,0.870194791064,0.729905754516
Decision Tree,3,3,19,0.00495323298424,0.98411954698,0.831837323713
Decision Tree,3,4,19,0.478817840017,0.939560668065,0.730931189181
Decision Tree,3,5,19,0.182798548166,1.04919677062,0.921070921083
Decision Tree,4,1,20,-0.0104475547786,1.08485702304,0.927257158114
Decision Tree,4,2,20,0.476680701742,0.903806221474,0.762864758304
Decision Tree,4,3,19,0.171747555388,0.857889801374,0.695709808289
Decision Tree,4,4,19,0.549440613628,0.783159320714,0.66783927555
Decision Tree,4,5,19,0.334137478948,0.957277907158,0.746649815132
Decision Tree,5,1,20,0.20725734195,0.942119546729,0.774687154012
Decision Tree,5,2,20,0.13156251927,0.933579612121,0.720399609322
Decision Tree,5,3,19,0.343487882587,1.07566120075,0.903635639306
Decision Tree,5,4,19,0.155032957907,0.990306203048,0.843019778714
Decision Tree,5,5,19,0.498233572807,0.761962670244,0.594208024196
Decision Tree,6,1,20,0.530216526777,0.853556208028,0.714093274483
Decision Tree,6,2,20,-0.0151079051466,1.10452649171,0.922672441042
Decision Tree,6,3,19,0.539947124888,0.740852238807,0.605250561633
Decision Tree,6,4,19,0.387784871571,0.804190558049,0.637117452799
Decision Tree,6,5,19,0.566555624634,0.800354097158,0.673567257929
Decision Tree,7,1,20,0.226141136249,0.928819467197,0.713567258297
Decision Tree,7,2,20,0.341657556842,0.863497227979,0.694221282241
Decision Tree,7,3,19,0.695922073513,0.634114432635,0.533917272378
Decision Tree,7,4,19,0.298824488021,0.875415158694,0.708123672174
Decision Tree,7,5,19,0.381154153873,0.976004545234,0.905334303065
Decision Tree,8,1,20,0.519909030258,1.08765980573,0.927152459341
Decision Tree,8,2,20,0.197479311111,0.99676831986,0.808717304846
Decision Tree,8,3,19,0.165421591162,0.945748554494,0.762140951457
Decision Tree,8,4,19,-0.223544968095,0.945303801228,0.794070996703
Decision Tree,8,5,19,0.131801782403,0.873214798079,0.740234522669
Decision Tree,9,1,20,0.447631880142,0.90741804562,0.779323131677
Decision Tree,9,2,20,0.387359306672,0.770412934948,0.668726404394
Decision Tree,9,3,19,0.615290115542,0.674139197237,0.540891834142
Decision Tree,9,4,19,0.587249040922,0.834390271947,0.711241821717
Decision Tree,9,5,19,0.0204144186607,1.01406215853,0.845182561625
Decision Tree,10,1,20,0.167056896025,0.844820560488,0.713704015333
Decision Tree,10,2,20,0.233453184721,0.821707749474,0.677260124051
Decision Tree,10,3,19,0.397919713638,0.840863949432,0.75331645962
Decision Tree,10,4,19,0.101698958894,0.920958601089,0.772334145708
Decision Tree,10,5,19,0.494147634409,1.10796329168,0.882465509875
Random Forest,1,1,20,0.631262304717,0.726403919303,0.620214671882
Random Forest,1,2,20,0.464315386577,0.776196926575,0.627256252634
Random Forest,1,3,19,0.46634705945,0.740141207409,0.605177443817
Random Forest,1,4,19,0.235531400176,0.788680384924,0.612401544601
Random Forest,1,5,19,0.527968421619,0.859843132009,0.740766951532
Random Forest,2,1,20,0.404981089819,0.766821820303,0.65579945158
Random Forest,2,2,20,0.497846899902,0.694416285534,0.587750067809
Random Forest,2,3,19,0.444521801028,0.783012617123,0.610417416944
Random Forest,2,4,19,0.521742968846,0.930267665564,0.735861504295
Random Forest,2,5,19,0.420216153254,0.88161583192,0.713320817036
Random Forest,3,1,20,0.374846741658,0.645957165619,0.525232311388
Random Forest,3,2,20,0.646356215483,0.800434082316,0.665469774893
Random Forest,3,3,19,0.393402728273,0.768380505456,0.646556964317
Random Forest,3,4,19,0.589656545136,0.833688503473,0.64348256403
Random Forest,3,5,19,0.48886994455,0.829770689586,0.683257262134
Random Forest,4,1,20,0.260622808284,0.928001420207,0.759269822691
Random Forest,4,2,20,0.684354382043,0.701926814924,0.576483374879
Random Forest,4,3,19,0.333769392204,0.76941815976,0.632949117873
Random Forest,4,4,19,0.597442790961,0.740266172971,0.612404536612
Random Forest,4,5,19,0.561567833119,0.776778069213,0.631338364115
Random Forest,5,1,20,0.468297710114,0.771567925608,0.667079352131
Random Forest,5,2,20,0.456991608087,0.738219223432,0.606117167439
Random Forest,5,3,19,0.567229225258,0.873339479781,0.676152763043
Random Forest,5,4,19,0.453657506625,0.796309881061,0.66792619551
Random Forest,5,5,19,0.506062098694,0.755995257908,0.607864171784
Random Forest,6,1,20,0.642678819602,0.744410753478,0.587486127227
Random Forest,6,2,20,0.402880570511,0.847131114235,0.705137938741
Random Forest,6,3,19,0.63952808945,0.655787957409,0.522099831395
Random Forest,6,4,19,0.54568501502,0.692764256564,0.601866784499
Random Forest,6,5,19,0.646878735018,0.722399476323,0.590176696731
Random Forest,7,1,20,0.451307058402,0.782105095348,0.655036838334
Random Forest,7,2,20,0.526880942989,0.732015439325,0.602971251629
Random Forest,7,3,19,0.707763659302,0.62164479398,0.476476101954
Random Forest,7,4,19,0.40000791189,0.80979194814,0.656611344063
Random Forest,7,5,19,0.496942114786,0.879973473051,0.798672424446
Random Forest,8,1,20,0.652809247887,0.924943884483,0.72163683089
Random Forest,8,2,20,0.430266615437,0.83985041667,0.63022589446
Random Forest,8,3,19,0.521609491994,0.716033581123,0.574883863361
Random Forest,8,4,19,0.257431367237,0.736427057212,0.605766464619
Random Forest,8,5,19,0.469130764861,0.682818722858,0.607466925738
Random Forest,9,1,20,0.643846697873,0.728637630816,0.607709437896
Random Forest,9,2,20,0.346847134326,0.795477799858,0.616610782262
Random Forest,9,3,19,0.737533779105,0.556826141649,0.467498591809
Random Forest,9,4,19,0.611963841518,0.809023775426,0.695616016416
Random Forest,9,5,19,0.28783467407,0.864636961787,0.716125002285
Random Forest,10,1,20,0.522813699296,0.639441457586,0.540000342576
Random Forest,10,2,20,0.519581952591,0.65051557308,0.513652543673
Random Forest,10,3,19,0.267371565752,0.927556588488,0.814046946288
Random Forest,10,4,19,0.397882453942,0.753997313062,0.653139409273
Random Forest,10,5,19,0.575378188771,1.01511355836,0.806650864214
Gradient Boosting,1,1,20,0.616914238014,0.740401714603,0.631879031741
Gradient Boosting,1,2,20,0.562874851067,0.701164999984,0.559281619749
Gradient Boosting,1,3,19,0.402834471819,0.782947236834,0.648403251226
Gradient Boosting,1,4,19,0.0341684753321,0.886486042649,0.648556885255
Gradient Boosting,1,5,19,0.498694453958,0.886104525617,0.784390860811
Gradient Boosting,2,1,20,0.32055742375,0.819417919766,0.674650595752
Gradient Boosting,2,2,20,0.507573442003,0.687658090788,0.606617804956
Gradient Boosting,2,3,19,0.4867785372,0.752640624146,0.606470363676
Gradient Boosting,2,4,19,0.508063827456,0.943477663916,0.747040462498
Gradient Boosting,2,5,19,0.360311836497,0.926041569326,0.745734557927
Gradient Boosting,3,1,20,0.407423149745,0.628901761719,0.497045012473
Gradient Boosting,3,2,20,0.597876085713,0.853537307246,0.684936300123
Gradient Boosting,3,3,19,0.309086774798,0.820045338938,0.699017990416
Gradient Boosting,3,4,19,0.620752956947,0.801477175435,0.645312777758
Gradient Boosting,3,5,19,0.524537796858,0.80029550872,0.656081470317
Gradient Boosting,4,1,20,0.262771028513,0.926652310719,0.743889974881
Gradient Boosting,4,2,20,0.616772622079,0.773428578156,0.634409749625
Gradient Boosting,4,3,19,0.347970869792,0.761173466868,0.601339273684
Gradient Boosting,4,4,19,0.609921526154,0.728702219974,0.631061842185
Gradient Boosting,4,5,19,0.559733176216,0.77840161965,0.615238298956
Gradient Boosting,5,1,20,0.392032507372,0.825049640732,0.746751808782
Gradient Boosting,5,2,20,0.375956704551,0.79138796277,0.654086583012
Gradient Boosting,5,3,19,0.575124932779,0.865335964226,0.681124377786
Gradient Boosting,5,4,19,0.496880757577,0.764161368345,0.6537404169
Gradient Boosting,5,5,19,0.528084041224,0.738950295818,0.605938784088
Gradient Boosting,6,1,20,0.575720422573,0.811165221226,0.619065380584
Gradient Boosting,6,2,20,0.300653084534,0.916782603455,0.74729198045
Gradient Boosting,6,3,19,0.624984671908,0.668886194786,0.555027966117
Gradient Boosting,6,4,19,0.536719580733,0.699566353908,0.582303803983
Gradient Boosting,6,5,19,0.661794428287,0.706977945027,0.570514050994
Gradient Boosting,7,1,20,0.529370157316,0.724336148892,0.607051679357
Gradient Boosting,7,2,20,0.447917411356,0.790746076417,0.662070888904
Gradient Boosting,7,3,19,0.734204129114,0.592856117215,0.471462104854
Gradient Boosting,7,4,19,0.380450612232,0.822884076651,0.667830583892
Gradient Boosting,7,5,19,0.555430217698,0.827238179374,0.741539814191
Gradient Boosting,8,1,20,0.597195969985,0.996272664582,0.780606108377
Gradient Boosting,8,2,20,0.362130876404,0.888652358753,0.698084022777
Gradient Boosting,8,3,19,0.504893184666,0.728436276885,0.592430787929
Gradient Boosting,8,4,19,0.375451634157,0.675374213494,0.559420348502
Gradient Boosting,8,5,19,0.466706235028,0.684376195335,0.619693190768
Gradient Boosting,9,1,20,0.624810753453,0.74785654765,0.59592615431
Gradient Boosting,9,2,20,0.356455558963,0.789605049876,0.635946021403
Gradient Boosting,9,3,19,0.676251847641,0.618424314558,0.522841429649
Gradient Boosting,9,4,19,0.582222230176,0.839455830997,0.716303931099
Gradient Boosting,9,5,19,0.187459078208,0.923561894166,0.734004974153
Gradient Boosting,10,1,20,0.442318195095,0.691273715597,0.549253642911
Gradient Boosting,10,2,20,0.534915580635,0.640050050639,0.50949219435
Gradient Boosting,10,3,19,0.229418395407,0.951278865441,0.854434318453
Gradient Boosting,10,4,19,0.356792707376,0.77929992889,0.68259921903
Gradient Boosting,10,5,19,0.585049116584,1.00348717407,0.81512599164
Neural Network,1,1,20,0.477543749199,0.86465802203,0.656498803026
Neural Network,1,2,20,0.567536165129,0.697416519577,0.580809860079
Neural Network,1,3,19,-0.405843033656,1.20130572682,0.958349884831
Neural Network,1,4,19,-0.0556575438746,0.926792993048,0.751419587611
Neural Network,1,5,19,0.461822659377,0.918113565119,0.783959715097
Neural Network,2,1,20,0.213937267846,0.881368818222,0.657867482767
Neural Network,2,2,20,0.329729696649,0.802281563902,0.615753093818
Neural Network,2,3,19,0.414064096401,0.804193032432,0.622995481062
Neural Network,2,4,19,0.690864097318,0.747914524587,0.566130489659
Neural Network,2,5,19,0.361018088018,0.925530227299,0.63796159879
Neural Network,3,1,20,-0.39989290447,0.966624674235,0.866180181732
Neural Network,3,2,20,0.0219851172074,1.3311141178,1.02124751347
Neural Network,3,3,19,0.0530048415346,0.960063570754,0.684465491472
Neural Network,3,4,19,0.587042382736,0.836339864267,0.612003349114
Neural Network,3,5,19,0.551359474463,0.777394799027,0.587480677278
Neural Network,4,1,20,-0.362760541485,1.25986900387,1.06865250601
Neural Network,4,2,20,-0.000260629159148,1.24953532649,1.03278341811
Neural Network,4,3,19,0.463220755312,0.690634070424,0.520908291258
Neural Network,4,4,19,0.383019629002,0.91645210664,0.693054428494
Neural Network,4,5,19,0.704598461219,0.637605606663,0.50834089367
Neural Network,5,1,20,-1.06948507921,1.52219765992,1.2001013993
Neural Network,5,2,20,0.433916054121,0.753741623352,0.584811295198
Neural Network,5,3,19,0.590382979895,0.84965599796,0.710955668861
Neural Network,5,4,19,0.445661943279,0.802115598614,0.631088735667
Neural Network,5,5,19,0.337369979481,0.875625597825,0.657182740931
Neural Network,6,1,20,0.211589426486,1.10575644197,0.860937787532
Neural Network,6,2,20,0.310221737768,0.910489168695,0.733610382159
Neural Network,6,3,19,0.67769299588,0.620101232749,0.468389546851
Neural Network,6,4,19,0.537870108864,0.698697149135,0.603640580716
Neural Network,6,5,19,0.192649209351,1.09231179719,0.898550175828
Neural Network,7,1,20,0.045321929558,1.03164173195,0.869937498814
Neural Network,7,2,20,0.596377421401,0.676118386852,0.549462052846
Neural Network,7,3,19,-0.749875147452,1.52117339809,1.0651597127
Neural Network,7,4,19,-0.0103499416722,1.05084001707,0.848955671486
Neural Network,7,5,19,0.0953323226049,1.18006284619,0.944064120247
Neural Network,8,1,20,0.633963115375,0.94971595945,0.734294992701
Neural Network,8,2,20,-0.152571213947,1.19453806121,0.887016616186
Neural Network,8,3,19,0.519866085918,0.717337120814,0.585665434831
Neural Network,8,4,19,-0.0902222678815,0.892316576175,0.71148766689
Neural Network,8,5,19,-0.0220812472488,0.947445750105,0.702539091918
Neural Network,9,1,20,0.0319213921198,1.20129154625,0.913624550498
Neural Network,9,2,20,0.0537018659874,0.957490860994,0.753419415959
Neural Network,9,3,19,0.291723582738,0.914711834478,0.710570258148
Neural Network,9,4,19,0.648127180759,0.770403144662,0.590977928759
Neural Network,9,5,19,-0.417567920136,1.2198749769,0.871897999461
Neural Network,10,1,20,0.502909587324,0.652641220011,0.530318476278
Neural Network,10,2,20,0.349951299047,0.756695216131,0.620446450397
Neural Network,10,3,19,0.273378408657,0.923746229703,0.776588397153
Neural Network,10,4,19,-0.362709813706,1.13430761721,0.91569747195
Neural Network,10,5,19,0.641537249121,0.932686081598,0.722812096756
